﻿<?xml version="1.0" encoding="utf-8"?>
<cms.contentitemcommondata>
  <ContentItemCommonDataContentItemID>
    <CodeName>BostonCoffeePlace-034jwdxo</CodeName>
    <GUID>4c84719d-689e-460e-8cc1-5495c367b249</GUID>
    <ObjectType>cms.contentitem</ObjectType>
  </ContentItemCommonDataContentItemID>
  <ContentItemCommonDataContentLanguageID>
    <CodeName>en</CodeName>
    <GUID>e4a8fb12-ebc2-45d0-930f-c9fba2780c85</GUID>
    <ObjectType>cms.contentlanguage</ObjectType>
  </ContentItemCommonDataContentLanguageID>
  <ContentItemCommonDataFirstPublishedWhen>2024-09-23 10:30:27Z</ContentItemCommonDataFirstPublishedWhen>
  <ContentItemCommonDataGUID>c3274983-ae81-496b-81d8-2528f4296802</ContentItemCommonDataGUID>
  <ContentItemCommonDataIsLatest>True</ContentItemCommonDataIsLatest>
  <ContentItemCommonDataLastPublishedWhen>2024-09-23 10:30:27Z</ContentItemCommonDataLastPublishedWhen>
  <ContentItemCommonDataVersionStatus>2</ContentItemCommonDataVersionStatus>
  <ContentItemReferences>
    <cms.contentitemreference>
      <ContentItemReferenceGroupGUID>323d44df-162d-4dfa-8dd1-76ed849375ef</ContentItemReferenceGroupGUID>
      <ContentItemReferenceGUID>ca92e4ad-66db-49e5-a77d-05289fed9c4a</ContentItemReferenceGUID>
      <ContentItemReferenceSourceCommonDataID>
        <GUID>c3274983-ae81-496b-81d8-2528f4296802</GUID>
        <ObjectType>cms.contentitemcommondata</ObjectType>
      </ContentItemReferenceSourceCommonDataID>
      <ContentItemReferenceTargetItemID>
        <CodeName>ElSalvadorFincaSanJose-nr6bglxm</CodeName>
        <GUID>818df78b-353d-4863-8e9d-287040051249</GUID>
        <ObjectType>cms.contentitem</ObjectType>
      </ContentItemReferenceTargetItemID>
    </cms.contentitemreference>
    <cms.contentitemreference>
      <ContentItemReferenceGroupGUID>323d44df-162d-4dfa-8dd1-76ed849375ef</ContentItemReferenceGroupGUID>
      <ContentItemReferenceGUID>2c10c94e-95f0-4423-97d7-87646287b46e</ContentItemReferenceGUID>
      <ContentItemReferenceSourceCommonDataID>
        <GUID>c3274983-ae81-496b-81d8-2528f4296802</GUID>
        <ObjectType>cms.contentitemcommondata</ObjectType>
      </ContentItemReferenceSourceCommonDataID>
      <ContentItemReferenceTargetItemID>
        <CodeName>BrazilNaturalBarraGrande-mtfd4bc3</CodeName>
        <GUID>edb18903-129a-4c33-9ca1-506cfdf4496e</GUID>
        <ObjectType>cms.contentitem</ObjectType>
      </ContentItemReferenceTargetItemID>
    </cms.contentitemreference>
    <cms.contentitemreference>
      <ContentItemReferenceGroupGUID>323d44df-162d-4dfa-8dd1-76ed849375ef</ContentItemReferenceGroupGUID>
      <ContentItemReferenceGUID>c9603dce-56ac-4171-8277-a762484825e6</ContentItemReferenceGUID>
      <ContentItemReferenceSourceCommonDataID>
        <GUID>c3274983-ae81-496b-81d8-2528f4296802</GUID>
        <ObjectType>cms.contentitemcommondata</ObjectType>
      </ContentItemReferenceSourceCommonDataID>
      <ContentItemReferenceTargetItemID>
        <CodeName>BoliviaFincaIllimani-c77ome92</CodeName>
        <GUID>60d815a6-674e-468d-8155-d2b3be75a321</GUID>
        <ObjectType>cms.contentitem</ObjectType>
      </ContentItemReferenceTargetItemID>
    </cms.contentitemreference>
    <cms.contentitemreference>
      <ContentItemReferenceGroupGUID>323d44df-162d-4dfa-8dd1-76ed849375ef</ContentItemReferenceGroupGUID>
      <ContentItemReferenceGUID>1a8012dc-f0cf-49aa-95e7-c59b2f77c8c6</ContentItemReferenceGUID>
      <ContentItemReferenceSourceCommonDataID>
        <GUID>c3274983-ae81-496b-81d8-2528f4296802</GUID>
        <ObjectType>cms.contentitemcommondata</ObjectType>
      </ContentItemReferenceSourceCommonDataID>
      <ContentItemReferenceTargetItemID>
        <CodeName>ColombiaCarlosImbachi-t5ps0qy3</CodeName>
        <GUID>d81c0256-89eb-4e1f-88d2-34d8beefe8f6</GUID>
        <ObjectType>cms.contentitem</ObjectType>
      </ContentItemReferenceTargetItemID>
    </cms.contentitemreference>
    <cms.contentitemreference>
      <ContentItemReferenceGroupGUID>1e4c0c62-4056-4acd-ac2e-d96ba01adff7</ContentItemReferenceGroupGUID>
      <ContentItemReferenceGUID>32ca3b28-9965-450c-be4d-46107956cfdc</ContentItemReferenceGUID>
      <ContentItemReferenceSourceCommonDataID>
        <GUID>c3274983-ae81-496b-81d8-2528f4296802</GUID>
        <ObjectType>cms.contentitemcommondata</ObjectType>
      </ContentItemReferenceSourceCommonDataID>
      <ContentItemReferenceTargetItemID>
        <CodeName>Cafes_Boston_2x.png-ook06kfb</CodeName>
        <GUID>224f43c1-e456-4dfe-af12-ad151c19d0d6</GUID>
        <ObjectType>cms.contentitem</ObjectType>
      </ContentItemReferenceTargetItemID>
    </cms.contentitemreference>
  </ContentItemReferences>
</cms.contentitemcommondata>