﻿<?xml version="1.0" encoding="utf-8"?>
<cms.contentitemcommondata>
  <ContentItemCommonDataContentItemID>
    <CodeName>DancingGoatUnsubscriptionConfirmation-iu3iyfou</CodeName>
    <GUID>88cd1c55-675b-4893-982f-1cd974cb7084</GUID>
    <ObjectType>cms.contentitem</ObjectType>
  </ContentItemCommonDataContentItemID>
  <ContentItemCommonDataContentLanguageID>
    <CodeName>en</CodeName>
    <GUID>e4a8fb12-ebc2-45d0-930f-c9fba2780c85</GUID>
    <ObjectType>cms.contentlanguage</ObjectType>
  </ContentItemCommonDataContentLanguageID>
  <ContentItemCommonDataGUID>60d0c178-05ca-4999-a1ef-e085c0b547aa</ContentItemCommonDataGUID>
  <ContentItemCommonDataIsLatest>True</ContentItemCommonDataIsLatest>
  <ContentItemCommonDataVersionStatus>2</ContentItemCommonDataVersionStatus>
  <ContentItemReferences>
    <cms.contentitemreference>
      <ContentItemReferenceGroupGUID>82b7639d-e97f-4020-8926-55577729926a</ContentItemReferenceGroupGUID>
      <ContentItemReferenceGUID>f895bfc8-0551-4108-b10b-029b46a665c1</ContentItemReferenceGUID>
      <ContentItemReferenceSourceCommonDataID>
        <GUID>60d0c178-05ca-4999-a1ef-e085c0b547aa</GUID>
        <ObjectType>cms.contentitemcommondata</ObjectType>
      </ContentItemReferenceSourceCommonDataID>
      <ContentItemReferenceTargetItemID>
        <CodeName>Facebook-h85hvkli</CodeName>
        <GUID>28ec44a4-17e5-4aa9-a8f3-63e6c23e93b1</GUID>
        <ObjectType>cms.contentitem</ObjectType>
      </ContentItemReferenceTargetItemID>
    </cms.contentitemreference>
    <cms.contentitemreference>
      <ContentItemReferenceGroupGUID>82b7639d-e97f-4020-8926-55577729926a</ContentItemReferenceGroupGUID>
      <ContentItemReferenceGUID>5c4d9c1c-7cff-4fc1-aca1-632bfe9ad9a8</ContentItemReferenceGUID>
      <ContentItemReferenceSourceCommonDataID>
        <GUID>60d0c178-05ca-4999-a1ef-e085c0b547aa</GUID>
        <ObjectType>cms.contentitemcommondata</ObjectType>
      </ContentItemReferenceSourceCommonDataID>
      <ContentItemReferenceTargetItemID>
        <CodeName>Twitter-i4s1h9pp</CodeName>
        <GUID>015129c5-8972-47b8-963c-e3d52ef69e7e</GUID>
        <ObjectType>cms.contentitem</ObjectType>
      </ContentItemReferenceTargetItemID>
    </cms.contentitemreference>
    <cms.contentitemreference>
      <ContentItemReferenceGroupGUID>8cc584c3-2a5f-4c45-9267-c946f766399a</ContentItemReferenceGroupGUID>
      <ContentItemReferenceGUID>18997ee6-21f7-447b-babf-0d856c6a33a2</ContentItemReferenceGUID>
      <ContentItemReferenceSourceCommonDataID>
        <GUID>60d0c178-05ca-4999-a1ef-e085c0b547aa</GUID>
        <ObjectType>cms.contentitemcommondata</ObjectType>
      </ContentItemReferenceSourceCommonDataID>
      <ContentItemReferenceTargetItemID>
        <CodeName>Logos_Logo-dancing-goat.png-1gxova27</CodeName>
        <GUID>96aaf7e4-b57b-4fb4-ae2c-25e8191e7079</GUID>
        <ObjectType>cms.contentitem</ObjectType>
      </ContentItemReferenceTargetItemID>
    </cms.contentitemreference>
  </ContentItemReferences>
</cms.contentitemcommondata>