﻿<?xml version="1.0" encoding="utf-8"?>
<cms.workspacedatapermission>
  <WorkspaceDataPermissionApplicationName>Kentico.Xperience.Application.ContentHub</WorkspaceDataPermissionApplicationName>
  <WorkspaceDataPermissionGUID>a45eb670-6d8a-42fc-9c5b-b00ca7de7269</WorkspaceDataPermissionGUID>
  <WorkspaceDataPermissionPermissionName>Create</WorkspaceDataPermissionPermissionName>
  <WorkspaceDataPermissionRoleID>
    <CodeName>DancingGoat.DigitalChannelManager</CodeName>
    <GUID>80f9aa61-d17c-45f0-9b9a-9ff3c301438c</GUID>
    <ObjectType>cms.role</ObjectType>
  </WorkspaceDataPermissionRoleID>
  <WorkspaceDataPermissionWorkspaceID>
    <CodeName>DancingGoat.DancingGoatEvents</CodeName>
    <GUID>ec4b090a-a67e-40e8-aec2-fcfbc37067bd</GUID>
    <ObjectType>cms.workspace</ObjectType>
  </WorkspaceDataPermissionWorkspaceID>
</cms.workspacedatapermission>