﻿<?xml version="1.0" encoding="utf-8"?>
<cms.workspacedatapermission>
  <WorkspaceDataPermissionApplicationName>Kentico.Xperience.Application.ContentHub</WorkspaceDataPermissionApplicationName>
  <WorkspaceDataPermissionGUID>020d2f41-9334-4d6a-8351-f7323bda801f</WorkspaceDataPermissionGUID>
  <WorkspaceDataPermissionPermissionName>Delete</WorkspaceDataPermissionPermissionName>
  <WorkspaceDataPermissionRoleID>
    <CodeName>DancingGoat.DigitalChannelManager</CodeName>
    <GUID>80f9aa61-d17c-45f0-9b9a-9ff3c301438c</GUID>
    <ObjectType>cms.role</ObjectType>
  </WorkspaceDataPermissionRoleID>
  <WorkspaceDataPermissionWorkspaceID>
    <CodeName>DancingGoat.DancingGoatEvents</CodeName>
    <GUID>ec4b090a-a67e-40e8-aec2-fcfbc37067bd</GUID>
    <ObjectType>cms.workspace</ObjectType>
  </WorkspaceDataPermissionWorkspaceID>
</cms.workspacedatapermission>