﻿<?xml version="1.0" encoding="utf-8"?>
<cms.contentitemcommondata>
  <ContentItemCommonDataContentItemID>
    <CodeName>CoffeeProcessingTechniques-vnl8fs1k</CodeName>
    <GUID>69a5c969-8e18-4b57-a9cd-7ce089d0d059</GUID>
    <ObjectType>cms.contentitem</ObjectType>
  </ContentItemCommonDataContentItemID>
  <ContentItemCommonDataContentLanguageID>
    <CodeName>en</CodeName>
    <GUID>e4a8fb12-ebc2-45d0-930f-c9fba2780c85</GUID>
    <ObjectType>cms.contentlanguage</ObjectType>
  </ContentItemCommonDataContentLanguageID>
  <ContentItemCommonDataGUID>1d1fe600-a580-4a45-bd7d-8c43c647adf3</ContentItemCommonDataGUID>
  <ContentItemCommonDataIsLatest>True</ContentItemCommonDataIsLatest>
  <ContentItemCommonDataLastPublishedWhen>2024-11-04 08:32:37Z</ContentItemCommonDataLastPublishedWhen>
  <ContentItemCommonDataVersionStatus>2</ContentItemCommonDataVersionStatus>
  <ContentItemCommonDataVisualBuilderTemplateConfiguration>
    <![CDATA[{"identifier":"DancingGoat.Article","properties":null,"fieldIdentifiers":null}]]>
  </ContentItemCommonDataVisualBuilderTemplateConfiguration>
  <SEOFieldsAllowSearchIndexing>True</SEOFieldsAllowSearchIndexing>
  <SEOFieldsDescription>
    <![CDATA[Learn about coffee plant processing techniques. Farmers use different methods in different parts of the world depending on weather conditions.]]>
  </SEOFieldsDescription>
  <SEOFieldsTitle>Coffee processing techniques - Dancing Goat</SEOFieldsTitle>
  <ContentItemReferences>
    <cms.contentitemreference>
      <ContentItemReferenceGroupGUID>04b5735c-f3b6-4dba-af49-1c748e952820</ContentItemReferenceGroupGUID>
      <ContentItemReferenceGUID>c006fb5d-157c-4896-abd8-1afe2a65935c</ContentItemReferenceGUID>
      <ContentItemReferenceSourceCommonDataID>
        <GUID>1d1fe600-a580-4a45-bd7d-8c43c647adf3</GUID>
        <ObjectType>cms.contentitemcommondata</ObjectType>
      </ContentItemReferenceSourceCommonDataID>
      <ContentItemReferenceTargetItemID>
        <CodeName>Articles_Article-5_2x.jpg-ui1p5uwa</CodeName>
        <GUID>e07114f8-dd0b-47ed-9cee-1d5c1404835a</GUID>
        <ObjectType>cms.contentitem</ObjectType>
      </ContentItemReferenceTargetItemID>
    </cms.contentitemreference>
    <cms.contentitemreference>
      <ContentItemReferenceGroupGUID>49eea67f-5a3a-4a0a-a4a4-42cf4e2117c0</ContentItemReferenceGroupGUID>
      <ContentItemReferenceGUID>d8a00514-44d3-4a3e-87ff-1f9f34943e2c</ContentItemReferenceGUID>
      <ContentItemReferenceSourceCommonDataID>
        <GUID>1d1fe600-a580-4a45-bd7d-8c43c647adf3</GUID>
        <ObjectType>cms.contentitemcommondata</ObjectType>
      </ContentItemReferenceSourceCommonDataID>
      <ContentItemReferenceTargetItemID>
        <CodeName>ElSalvadorFincaSanJose-ttfjisz3</CodeName>
        <GUID>283f6888-603d-4e21-aeee-86da21efc6d4</GUID>
        <ObjectType>cms.contentitem</ObjectType>
      </ContentItemReferenceTargetItemID>
    </cms.contentitemreference>
    <cms.contentitemreference>
      <ContentItemReferenceGroupGUID>49eea67f-5a3a-4a0a-a4a4-42cf4e2117c0</ContentItemReferenceGroupGUID>
      <ContentItemReferenceGUID>403e8fb3-595b-419e-b838-7b9139b27c2e</ContentItemReferenceGUID>
      <ContentItemReferenceSourceCommonDataID>
        <GUID>1d1fe600-a580-4a45-bd7d-8c43c647adf3</GUID>
        <ObjectType>cms.contentitemcommondata</ObjectType>
      </ContentItemReferenceSourceCommonDataID>
      <ContentItemReferenceTargetItemID>
        <CodeName>OnRoasts-nlx96ge6</CodeName>
        <GUID>d5d28908-d403-4f6d-ab5a-d7758b43dbf2</GUID>
        <ObjectType>cms.contentitem</ObjectType>
      </ContentItemReferenceTargetItemID>
    </cms.contentitemreference>
    <cms.contentitemreference>
      <ContentItemReferenceGroupGUID>49eea67f-5a3a-4a0a-a4a4-42cf4e2117c0</ContentItemReferenceGroupGUID>
      <ContentItemReferenceGUID>167d7444-6e53-4fb1-9c43-c4ebcf8fc90c</ContentItemReferenceGUID>
      <ContentItemReferenceSourceCommonDataID>
        <GUID>1d1fe600-a580-4a45-bd7d-8c43c647adf3</GUID>
        <ObjectType>cms.contentitemcommondata</ObjectType>
      </ContentItemReferenceSourceCommonDataID>
      <ContentItemReferenceTargetItemID>
        <CodeName>WhichBrewingFitsYou-a6ildi6t</CodeName>
        <GUID>b69db6f4-355b-4e5a-917b-541fba602213</GUID>
        <ObjectType>cms.contentitem</ObjectType>
      </ContentItemReferenceTargetItemID>
    </cms.contentitemreference>
  </ContentItemReferences>
</cms.contentitemcommondata>